mp-862690,0.0,0.0
mp-1183076,-0.48027804250000306,0.0
mp-1183086,-0.43368235062500504,0.0
mp-862786,-0.386251328749999,0.0
mp-861883,-0.342298746250001,0.0
mp-867241,-0.665207049999995,0.0
mp-861872,-0.583250138125002,0.0
mp-1183377,-0.5060674862499961,0.0
mp-865951,-0.695376886249995,0.0
mp-866107,-0.6663974312499971,0.0
mp-1183093,-0.534733513749998,0.0
mp-1183074,-0.228840256874998,0.0
mp-1183078,-0.26746134000000005,0.0
mp-866103,-0.344917513749998,0.0
mp-1183079,-0.19924529333333202,0.0
mp-862849,-0.324698736250006,0.0
mp-11107,-3.737668289999997,3.522599999999999
mp-865855,-0.6024802275000021,0.0
mp-1183072,-0.40701238124999806,0.0
mp-1183073,-0.513242463749996,0.0
mp-1183070,-0.570140636250002,0.0
mp-866018,-0.457048125,0.0
mp-1183067,-0.384465556874999,0.0
mp-1183106,-0.385861482499997,0.0
mp-985305,-0.25022404062499903,0.0
mp-985506,-0.16381396812499802,0.0
mp-866199,-0.27115698125000104,0.0
mp-1183065,-0.31133219437500503,0.0
mp-865950,-0.200376441875,0.0
mp-862617,-0.40891574812500003,0.0
mp-1183115,-3.690019421500002,4.1024
mp-867838,-0.771291945625002,0.0
mp-27972,-2.494519163125,4.103299999999999
mp-30274,-3.396185964166668,4.241
mp-864644,-0.46622083812499604,0.0
mp-861880,-0.35402117937499605,0.0
mp-27971,-2.788094297499999,5.0865
mp-30273,-3.586422302500002,4.4451
mp-866101,-3.1389721295,2.0031
mp-1183114,-0.059555694374999,0.0
mp-864606,-2.4228924235,0.0
mp-1006278,-0.779867236875,0.0
mp-1183124,-0.261695901874999,0.0
mp-985278,-4.467987469375,6.0693
mp-861502,-2.771539465500001,0.9887999999999991
mp-1183053,-3.063252617,2.895900000000001
mp-862665,-0.444330336874998,0.0
mp-24147,-0.6843335983333341,0.0
mp-861605,-0.671802030937499,0.640699999999999
mp-862289,-0.47723914374999704,0.0
mp-1183060,-0.32168960375000205,0.0
mp-861867,-1.801003203125001,2.5892
mp-867297,-0.5507089056250011,0.0
mp-867321,-0.510612275624993,0.0
mp-1183118,-0.274911696875,0.0
mp-866286,-0.059893923749996004,0.0
mp-1525815,-0.035826379583333005,0.0
mp-865979,-0.238415764375,0.0
mp-866225,-0.421982165625006,0.0
mp-861735,-0.242557518541673,0.0
mp-1183182,-0.23583242437499802,0.0
mp-864911,-2.973630023086206,0.0
mp-866056,-1.322563138124998,0.0517
mp-1183139,-2.455476575499998,0.0
mp-36526,-4.159415700833336,4.256600000000001
mp-867422,-0.6827262418750021,0.0
mp-1183220,-0.346064169374997,0.0
mp-865927,-3.60763573816667,0.0
mp-865958,-0.236608026875003,0.0
mp-865952,-0.6485188643749991,0.0
mp-984551,-0.453474278124999,0.0
mp-1183199,-0.345513796874996,0.0
mp-865028,-1.251402644791669,0.6253000000000001
mp-1183168,-3.141069095500003,0.0
mp-866203,-0.485260694374999,0.0
mp-980005,-0.6750111106249931,0.0
mp-1183192,-0.378423713124995,0.0
mp-8566,0.0,0.0
mp-29607,-0.26484184576923103,0.0
mp-862982,-0.589244397666665,0.0
mp-4691,-1.089499118055555,0.4736
mp-864635,-0.499390825499999,0.0
mp-1391,-0.8383200133333321,0.0
mp-861942,-0.550358512291666,1.3699
mp-9900,-0.46699392263888906,0.4646
mp-690687,-1.046624786547618,1.4591
mp-1229141,-0.463996551354166,0.44410000000000005
mp-23485,-0.512362546547618,1.2219
mp-29816,-0.45434721466666705,0.41029999999999905
mp-556866,-0.44160478972222206,1.2212
mp-353,-0.31563385777777403,0.0
mp-5625,-1.256612797261903,1.2289
mp-2047939,-0.13333801052083202,0.0
mp-11641,-0.8401073900967221,0.42639999999999906
mp-1214926,-0.469528931979166,0.015699999999999003
mp-10963,-0.47488669315104204,0.0
mp-1592,-0.09518987166666601,0.0
mp-29163,-0.078949780572917,1.2999
mp-36383,-1.605811363406592,0.0
mp-1229185,-1.8012610570312502,0.099399999999999
mp-2749579,-1.625031354218749,0.153999999999999
mp-1229124,-0.9640073153124981,9.999999999998901e-05
mp-9538,-0.141018007968748,0.35760000000000003
mp-1183137,-0.061713688749996005,0.0
mp-1605,-0.40144617142857003,0.0
mp-27821,-0.046166636624148,0.8305999999999991
mp-1229128,-1.409352184955356,0.42099999999999904
mp-12459,-0.256124809903273,0.9914000000000001
mp-985296,-0.06677629124999701,0.0
mp-1229155,-0.597054644479167,1.599399999999999
mp-22286,-0.8022593106410231,0.0
mp-559847,-0.5435249585813471,1.2689
mp-1229201,-0.537861301184209,0.0
mp-553919,-1.358812299473683,1.5871
mp-37695,-0.5118082090350791,0.0
mp-37153,-2.201692029895833,1.6805999999999992
mp-1178563,-1.269711258833334,0.2921
mp-863750,-0.064884731250003,0.0
mp-570340,-0.45443635000000104,0.8406
mp-16060,-1.254503722499999,1.0268
mp-996983,-0.46954475916666605,0.6522999999999991
mp-5160,-2.276470174642857,0.0
mp-556434,-0.33882521078273803,1.183799999999999
mp-569126,-0.46588106450148803,1.2778
mp-28965,-1.784909150333334,0.3971
mp-23474,-0.372202277673611,0.5262
mp-556094,-0.9455932878333341,1.0752
mp-23231,-0.6596210383333321,0.730399999999999
mp-22922,-0.568439933749999,0.9522
mp-22993,-0.414067270277776,2.3558
mp-7592,-1.122615552499999,0.0
mp-2284,-1.311622154166665,0.0
mp-996958,-0.728314120729166,0.0
mp-6215,-0.36442808402777704,1.2453
mp-861501,-0.13944391354166502,0.0
mp-560067,-0.544299855416667,1.2604
mp-23140,-0.426432127916667,1.3584
mp-580941,-0.46775989833333204,1.3759000000000001
mp-552185,-0.6806635453333341,1.853899999999999
mp-2803876,-0.442571765833331,0.0
mp-34418,-2.364613824122023,3.2361
mp-1206101,-1.748101063125002,0.21799999999999903
mp-1229012,-0.07259402249999801,0.0
mp-31215,-1.3849059325,0.0
mp-997038,-0.6587361541666651,0.0
mp-1183209,-0.0823932825,0.0
mp-1214922,-1.430022469374999,0.0
mp-1214944,-1.462700816388887,1.1739
mp-1214934,-1.7064166539583332,0.0
mp-2017405,-1.554154335000001,0.0
mp-761035,-1.012188526944443,0.0
mp-2763322,-1.018334732968748,0.0
mp-14653,-2.3875121401111112,0.5397999999999991
mp-540872,-1.444474670333332,0.094599999999999
mp-3922,-0.250111398906248,1.3716
mp-10809,-2.129888439374998,0.405599999999999
mp-1229011,-0.33394916828124704,0.0
mp-3291,-0.095523587500001,0.0
mp-134,0.0,0.0
mp-7692,-0.38110427100000005,0.0
mp-3805,-0.40118319366666305,0.0
mp-2014966,-1.1765090717307691,0.3003
mp-1214889,-0.400964897999998,0.0
mp-1648,-0.15187291480768902,0.0
mp-16719,-0.180129973846152,0.0
mp-567929,-0.53140296588235,0.0
mp-29110,-0.45394824187499905,0.230299999999999
mp-2647,-0.49509397333333505,0.0
mp-5928,-1.147233041607143,2.7262999999999993
mp-3159,-1.075488398482142,2.004699999999999
mp-7909,-0.582113531428575,1.6245
mp-867319,-0.835120557500001,0.0
mp-1228913,-0.625177445,0.0
mp-984352,-0.5402784149999991,0.0
mp-862695,-0.6617507237500011,0.0
mp-1228975,-1.1090711564285711,0.13570000000000002
mp-985806,-0.21265698333333302,0.0
mp-1079890,-0.7419818087500011,0.0
mp-862691,-0.46805296249999906,0.0
mp-866031,-0.6807959575,0.0
mp-1228910,-0.5236166949999991,0.0
mp-30084,-2.9035625028571412,0.0
mp-7906,-1.106310683214292,2.0244
mp-3038,-0.825231304821429,1.4253999999999991
mp-7910,-0.47700404821428505,1.1108
mp-866284,-0.8285853749999991,0.0
mp-862694,-1.130865957499999,0.0
mp-865989,-0.984318068749999,0.0
mp-1183155,-0.607955297499998,0.0
mp-867775,-0.743546901249999,0.0
mp-1143,-3.426551008,5.853700000000001
mp-7188,-0.670291663333335,0.28989999999999905
mp-1183136,-0.8597437825,0.0
mp-21892,-2.893783590000014,3.9425
mp-1103722,-1.233530308571437,2.5904
mp-675374,-0.9435391144642841,1.9965000000000002
mp-862715,-0.8579669187500011,0.0
mp-1502,-0.989689963333328,0.0
mp-10910,-0.7811005950000001,0.086399999999999
mp-867125,-0.9900710087499961,0.0
mp-867326,-1.008399888749998,0.0
mp-1228491,-1.236956223687499,3.0435
mp-11674,-1.0088235364375011,1.8004
mp-9254,-0.40193999714285505,1.046099999999999
mp-1228540,-0.375922756666665,0.0
mp-2908,-3.021072628571429,3.845999999999999
mp-4842,-1.190503468035713,2.4934
mp-7907,-1.100773949910713,2.1529
mp-7908,-0.7049379838095231,1.625099999999999
mp-541849,-0.6468797016666671,0.0
mp-1228446,-0.202281617499998,0.453
mp-867780,-0.15663263999999802,0.0
mp-1228603,-0.46855437249999904,0.0
mp-2294,-0.7665281825000001,0.0
mp-571247,-0.363495063749999,0.0
mp-622209,-0.418775703125,0.0
mp-1057,-0.644216627999999,0.0
mp-16514,-0.563250544999998,0.0
mp-10901,-0.812340915999999,0.0
mp-16523,-0.857533224374996,0.0
mp-10905,-1.102624861999999,0.0
mp-1501,-0.9792966056250021,0.0
mp-1070580,-0.7752910740000001,0.0
mp-2554,-0.34389383499999904,0.0
mp-1591,-0.23825637285714302,1.3154
mp-13703,-2.594719617222223,3.823299999999999
mp-1228721,-0.8813140376785701,0.6835
mp-1104047,-0.40843121133333204,0.0
mp-35267,-1.167115974464285,1.4217
mp-568607,-0.276001555833332,0.0
mp-30337,-0.18916691499999802,0.0
mp-1228194,-0.321334645999999,0.0
mp-16529,-0.353180652857143,0.0
mp-2733,-0.38162391545454605,0.0
mp-1228964,-0.5870029005014871,1.6205999999999992
mp-1228988,-0.072474530250002,0.0
mp-9631,-2.304877096666654,1.4090999999999991
mp-5782,-0.904003048906249,1.8992
mp-14091,-0.7432121020312501,1.135199999999999
mp-1228963,-0.769702025148809,1.1072
mp-14092,-0.43926148875000204,1.0469
mp-2172,-0.627042776249999,1.503699999999999
mp-5189,-2.456086594583332,3.865
mp-1025306,-0.568372223214282,0.0
mp-1399,-0.42298121250000104,0.0
mp-569558,-0.333313270833334,0.0
mp-1490,-0.22434480649999902,0.0
mp-7574,-0.48689827250000106,0.0
mp-1070916,-0.32112350250000005,0.0
mp-23288,-1.518050286874999,4.0992
mp-1214833,-2.583134489166666,3.0144
mp-1102961,-1.463698009166666,2.761
mp-25469,-1.692806269374999,5.263
mp-27863,-2.785187891666666,5.593999999999999
mp-284,-0.556456129999999,0.0
mp-9956,-0.17222914625000002,0.0
mp-637575,-0.36287728624999804,0.0
mp-1228999,-1.011209352261903,0.0
mp-1228960,-1.048169373571428,0.0
mp-1229004,-0.841807363482142,0.0
mp-1229097,-2.542837820714286,1.4767000000000001
mp-862781,-0.3686861925,0.0
mp-2500,-0.24248409,0.0
mp-1228984,-0.55887899333482,0.8799
mp-12802,-0.20196853,0.0
mp-867306,-0.25772352000000004,0.0
mp-1102536,-1.213548159999999,2.1451000000000002
mp-28020,-1.319186356666666,2.5112
mp-1228980,-0.7430883706249991,0.8904999999999991
mp-3098,-2.417624361249986,1.8148
mp-866296,-0.6301237899999991,0.0
mp-12550,-0.7594491199999991,0.0
mp-4979,-0.963132853906248,1.6756
mp-8016,-0.7563341932812491,0.8921999999999991
mp-1228961,-0.910110392142856,0.712699999999999
mp-1229027,-0.772785169196429,0.551299999999999
mp-8017,-0.42519420625000104,1.0186
mp-468,-3.86576940625,7.6012
mp-2658,-0.326887014999999,0.0
mp-867878,-0.44477182749999905,0.0
mp-862288,-0.20830292249999902,0.0
mp-1183162,-0.198893174999999,0.0
mp-22793,-0.159749470999999,0.0
mp-1206123,-0.20500472224999902,0.0
mp-10884,-0.35879662500000004,0.0
mp-861953,-0.595923447499998,0.0
mp-1228891,-0.537332601249999,0.700499999999999
mp-1228893,-0.37752743999999905,0.0
mp-1228918,-0.35302968250000005,0.0
mp-1228900,-0.273077184444446,0.0
mp-867904,-0.517801542499999,0.0
mp-643387,-2.551256586388889,4.496700000000001
mp-23933,-0.073632082812499,2.197699999999999
mp-1228986,-1.618079401875,5.8134999999999994
mp-625152,-2.6528255821875,5.546000000000001
mp-1105277,-2.26148272546875,5.6906
mp-30930,-0.9552141906250001,3.2639
mp-27935,-1.32499238,2.291
mp-1885,-1.070602759999999,0.0
mp-259,-0.258336353750003,0.0
mp-661,-1.6796721718749992,4.0467
mp-1487,-0.6849011500000001,0.0
mp-2593,-0.42641977749999904,0.0
mp-1228832,-0.336871960000001,0.0
mp-1550,-0.737248783988095,1.6294
mp-5331,-3.12717220299603,5.6126000000000005
mp-1228856,-0.66189478299602,0.0
mp-1025271,-0.6679614925680291,0.0
mp-1102285,-0.6941880198710311,2.8338
mp-7189,-0.9356018049999991,0.0
mp-2824,-0.8292466416666661,0.0
mp-27393,-0.524211835,0.0
mp-10904,-1.13101585,0.0
mp-607111,-0.7531256231249941,0.0
mp-1228815,-0.382194888749999,0.0
mp-10909,-0.32302287499999705,0.0
mp-1228817,-0.28877370083333104,0.11870000000000001
mp-1228809,-0.45734168416666604,0.0
mp-364,-1.17748661,0.0
mp-542569,-0.728409132500001,0.0
mp-556418,-1.831841661071428,3.9643
mp-555805,-0.9023574200347211,2.4961
mp-2624,-0.252975485,1.2255
mp-676861,-2.5433669,1.6178
mp-1205403,-0.9633391423958331,2.5979
mp-1227997,-0.264832075833335,0.0
mp-1228032,-0.295583669375002,0.0
mp-862778,-0.7554451362499991,0.0
mp-31220,-0.332382315999998,1.2504
mp-1018166,-0.467612646666665,0.0
mp-29407,-0.680516245185186,1.8846
mp-18733,-2.203208559444446,3.8702
mp-1539038,-2.910299935624998,4.0476
mp-3751,-3.2540289300000023,4.433300000000001
mp-1228001,-0.28638329500000004,0.0
mp-1025497,-0.5740756675,0.0
mp-1281387,-2.764986320714285,0.2716
mp-1387,-0.169027858749999,0.0
mp-1228807,-0.20036260250000001,0.0
mp-1228829,-0.23588536937499902,0.0
mp-4955,-0.44793970249999904,0.0
mp-5778,-0.42876261999999904,0.0
mp-862700,-0.60377356,0.0
mp-866001,-0.730717902500003,0.0
mp-1182867,-2.682709359999999,2.980299999999999
mp-1228837,-1.177997197857142,0.0
mp-862705,-0.693766981249999,0.0
mp-866033,-0.8575285962499991,0.0
mp-23155,0.0,8.5132
mp-158,0.0,0.0
mp-28159,-1.6685016422500012,1.6272
mp-27445,-1.726892136249988,1.3305
mp-558244,-1.912761675277777,0.5218
mp-15649,-0.571072849166668,0.8155000000000001
mp-1582,-1.626348611000001,4.0339
mp-2455,-0.303892785000002,0.6646999999999991
mp-20015,-1.7332001416666651,2.1358
mp-20465,-0.352124162499999,0.0
mp-2513,-0.607378169999999,0.0785
mp-15954,-0.5725928316666651,0.2625
mp-766,-0.45673630666666704,0.44920000000000004
mp-1189572,-0.156509995187498,1.9873
mp-27230,-1.684100125833333,4.417199999999999
mp-909,-0.139482853937499,1.4466
mp-27404,-1.456309445486112,3.066599999999999
mp-540912,-0.508268478749997,0.026799999999999
mp-8182,-0.49874215187499904,0.0
mp-11696,-0.0927698695,0.0
mp-1228867,-0.5237741229761891,0.0
mp-1095378,-1.16497064791667,1.8671000000000002
mp-23317,-0.860313386875,3.1271
mp-23280,-0.755685861249999,3.9873000000000003
mp-29863,-1.156071267499999,2.5284
mp-27926,-1.596720471,3.3906
mp-28027,-2.229369302499999,5.359999999999999
mp-8723,-2.152408185416666,4.6002
mp-1228828,-1.6462676583928562,3.1155
mp-23218,-0.47864313937499803,2.2375
mp-1228823,-0.699005755937501,1.863
mp-1228810,-0.622789714687499,1.4699
mp-1182477,-1.890011069249999,2.7441999999999993
mp-1214793,-0.44338814343749705,1.1795
mp-1214784,-0.313583645520831,1.0029
mp-29992,-2.40769107972222,4.0652
mp-8073,-0.371112764999999,0.0
mp-1105134,-0.364774416249996,0.0
mp-20257,-0.351475592916666,0.0
mp-2512,-0.269940265416664,0.0
mp-10848,-0.40359472510416505,0.0
mp-10849,-0.38689818552083205,0.0
mp-2302,-0.5298349875,0.0
mp-1228745,-0.731231218437502,1.2237
mp-1228724,-0.6661096080208321,0.9137000000000001
mp-1214786,-0.592859944270832,0.9146000000000001
mp-505373,-0.45124700661458106,1.2345
mp-81,0.0,0.0
mp-990238,-0.9614194822222221,0.18550000000000003
mp-27253,-0.45785339499999805,0.8689999999999991
mp-947,-0.118341825937501,1.9091
mp-505366,-0.40299109374999903,1.6885
mp-30159,-1.29653018625,1.9482
mp-32780,-0.264202023750002,1.674399999999999
mp-541656,-0.31720318750000104,0.897899999999999
mp-27647,-0.323221143125,1.3606
mp-27265,-0.598648675555555,0.9762000000000001
mp-27725,-0.265866406249999,2.0942
mp-1214760,-0.20558824833333403,0.0
mp-2793,-0.14021907453124502,0.26279999999999903
mp-160,0.0,1.433399999999999
mp-576,-0.094896928833333,0.0
mp-2331,-0.44864111666666806,0.0
mp-306,-2.798056310000001,6.3017
mp-2850,-0.23460797166666703,0.0
mp-1077,-0.308338266666668,0.0
mp-1019509,-2.088806264487179,6.6956
mp-569803,-0.320738852499999,0.0
mp-1079348,-0.273454191500002,0.0
mp-13854,-0.35249670649999904,0.0
mp-1238815,-0.130572651333333,3.0415
mp-1228631,-0.291843026666668,0.0
mp-567926,-0.40834903444444204,0.0
mp-1228672,-0.37363573925000504,0.0
mp-624,-0.20918894107142802,2.6454
mp-1346,-0.8052726050000011,1.856399999999999
mp-28395,-0.326223649710885,2.4757
mp-3277,-2.130445326111111,4.2615
mp-23225,-0.927507426041666,3.8273
mp-557856,-1.947817728020833,1.9592
mp-23184,-1.0426612775,4.7135
mp-1105235,-1.9099985425520831,3.0854
mp-696379,-2.285948338657407,7.657299999999999
mp-862539,-1.432805491777777,5.6634
mp-23189,-0.347344851041667,2.6901
mp-1183252,-0.21504744125000003,0.0
mp-28897,-0.30419117,0.0
mp-1890,-0.5239632375000021,0.0
mp-604884,-1.412978993125001,4.3683
mp-997617,-0.272355456249999,0.0
mp-1479,-0.48330429523809504,1.243499999999999
mp-3589,-2.76428254563492,7.2565
mp-27724,-0.645372425634919,2.276
mp-7424,-0.275338095833333,0.0
mp-20517,-0.263228629374996,0.0
mp-1214755,-0.19524489249999502,0.0
mp-2049185,-0.205257270833328,0.0
mp-567164,-0.429055083749998,0.0
mp-1228703,-0.6995956877380931,2.1522
mp-7832,-0.35971011500000205,0.0
mp-1113,-0.24568312916666402,0.0
mp-122,0.0,0.0
mp-13910,-0.332178010666667,0.0
mp-7882,-0.397887482666665,0.0
mp-18501,-0.952725886833328,0.673299999999999
mp-1207061,-0.37513931499999903,0.0
mp-570482,-0.39657781400000003,0.0
mp-1228740,-1.5790870441964242,3.0544000000000002
mp-5506,-0.269387471999998,0.0
mp-28505,-1.140490400238092,1.5444
mp-1105233,-2.188986189444444,2.7763
mp-571350,-0.778867536000001,0.0
mp-568113,-0.812224483000002,0.0
mp-4109,-0.691766348999999,0.0
mp-9297,-1.445636781428571,1.1785
mp-1228679,-0.42489049060606005,0.0
mp-12073,-0.5000045856666671,0.0
mp-7349,-0.46725112366666605,0.0
mp-30126,-1.273449396190475,2.7453000000000003
mp-570823,-0.8903812985995351,1.7096
mp-12927,-1.107963756,1.178999999999999
mp-571599,-0.642472992999996,0.0
mp-554626,-1.167833141111111,4.1953
mp-1104609,-0.43572151500000106,0.0
mp-8281,-0.614831377000001,0.15759999999999902
mp-1069712,-0.336708437999999,0.0
mp-8279,-0.5651984778571381,0.6835999999999991
mp-8150,-0.6039184979999991,0.0
mp-20563,-0.6017236930000011,0.0
mp-1070253,-0.36836408399999504,0.0
mp-1029457,-0.49946675600000107,0.0
mp-14786,-0.21444591923077802,0.0
mp-14785,-0.285302099120877,0.0
mp-9247,-0.5093311849999991,0.0
mp-7374,-1.616588649999994,1.386299999999999
mp-568474,-0.46465449765306405,0.0
mp-5970,-1.126581507999994,0.9028
mp-1080702,-0.5424659430000021,0.0
mp-2903350,-0.651923141999998,0.0
mp-568961,-0.559460133999999,0.0
mp-4883,-0.811679707857145,0.0
mp-1189647,-0.31483596705882305,0.0
mp-1183302,-0.6460903610000001,1.3062
mp-1206799,-0.5020633934999971,0.0
mp-1105728,-0.655365195857142,1.427699999999999
mp-504985,-0.8136196450000021,0.0
mp-7841,-1.36306374919643,1.8578000000000001
mp-38117,-1.025832131666665,0.5291
mp-642304,-0.369288792941175,0.0
mp-27810,-0.49725449949999906,0.028599999999999
mp-1228646,-0.490121752,0.0
mp-27809,-0.5029075863571421,0.5134000000000001
mp-10698,-0.7417220799999961,0.0
mp-30050,-0.47043391800000306,0.0
mp-30991,-1.546153766666666,3.543599999999999
mp-574176,-0.546454538166676,0.0
mp-1105940,-0.557203344523808,0.250899999999999
mp-1214750,-0.662174580666669,0.0
mp-21183,-1.017688293571426,0.9642000000000001
mp-8280,-0.9285784290000021,1.0689
mp-29209,-0.5920732000000011,0.39679999999999904
mp-7876,-0.45907881600000106,0.0
mp-8278,-0.9180718758571421,1.1366
mp-20452,-0.36364582900000003,0.0
mp-9567,-0.8334507839999981,0.8466
mp-7875,-0.295223082000001,0.0
mp-29622,-0.47191740049999603,0.0
mp-15608,-0.664856364172413,0.0
mp-19857,-0.761130211029561,0.0
mp-17236,-0.311095251842107,0.0
mp-568280,-0.652883191,0.0
mp-9473,-0.7742038698571421,0.0
mp-571420,-0.654173206938774,0.0
mp-1104130,-0.473823812653054,0.190999999999999
mp-28895,-0.6639766412244891,0.0
mp-11169,-0.845635251857148,0.0
mp-12056,-0.670666309857142,0.0
mp-8236,-0.796965229857145,0.0
mp-8583,-0.9543397898571421,0.0
mp-4484,-0.9410360498571411,0.0
mp-759541,-1.5184770292857142,0.0
mp-28967,-1.124628872142858,0.7791999999999991
mp-30432,-0.24267193799999,0.0
mp-1106056,-0.300392630588237,0.0
mp-9976,-0.46456810823529204,0.0
mp-9127,-2.376879317777779,2.8606
mp-1079967,-0.880232587999996,0.0
mp-567771,-1.313510195333333,3.2602
mp-14561,-0.825338688500002,0.0
mp-27388,-0.527597261999999,0.0
mp-18655,-0.8417009499999991,0.0
mp-1190471,-0.30301676650000003,0.0
mp-7427,-0.6732129104999991,0.2974
mp-1206924,-0.386657336,0.0
mp-7426,-0.6491009618571401,0.0
mp-14207,-0.6088550874999981,0.0
mp-1070267,-0.269167144000002,0.0
mp-13920,-0.41586877599999705,0.0
mp-1228784,-1.366714386,1.125899999999999
mp-1228156,-0.27523653402777504,0.0
mp-861937,-0.9461468618750001,0.5211
mp-28670,-2.288425597777783,2.012899999999999
mp-1104988,-1.823238056336805,1.419299999999999
mp-569529,-0.7661233980000051,0.0
mp-862947,-0.865384862499998,0.422799999999999
mp-23127,-2.453007172999998,1.6958000000000002
mp-1079891,-2.772258122000001,3.2683
mp-1018098,-1.41151841,1.1377
mp-549737,-3.224687858030303,4.080500000000001
mp-20841,-2.537359926,0.0
mp-19403,-2.9021457209999992,2.258
mp-6739,-2.6814129579999992,0.0
mp-12417,-2.915715638250001,0.0
mp-1520564,-2.549794024234375,2.01
mp-550685,-2.786920297666666,2.9976000000000003
mp-557448,-3.550436109999999,2.1948
mp-19098,-3.032736570999999,3.2912
mp-8093,-0.22541339999999802,0.0
mp-1102943,-2.815587358030302,2.821899999999999
mp-1104804,-0.761305063571422,0.0
mp-1079666,-0.9307027879999971,0.39029999999999904
mp-1207118,-2.469319745,2.5376000000000003
mp-1206134,-2.223147162,0.0
mp-867333,-0.47844436999999806,0.0
mp-1205643,-3.640372512,0.016199999999999
mp-1228392,-2.8738340829999993,2.3054
mp-21879,-2.800542076999999,1.420399999999999
mp-1521094,-3.1156891165,2.144399999999999
mp-1078874,-3.484094686733333,0.0
mp-18967,-2.463285518,0.0
mp-22112,-2.5761506235000002,0.0
mp-1079901,-2.660207095999999,0.0
mp-9372,-2.874737218406594,0.258499999999999
mp-23129,-1.7906236781818181,0.0
mp-23085,-1.8920105490909092,0.0
mp-28661,-0.5922158242857131,0.0
mp-552934,-2.365879127499999,2.307299999999999
mp-551456,-2.449774615,2.3029
mp-3879,-3.391703464444444,0.8501000000000001
mp-8790,-2.286241100833322,0.0
mp-1078741,-2.111882844,0.0
mp-560502,-2.177571373166666,0.0
mp-6691,-2.060182476777778,0.0
mp-1206026,-3.036579568166666,0.0
mp-12640,-3.458601736166666,2.8514
mp-1205636,-3.741842512166667,3.462799999999999
mp-6192,-3.092258773166665,3.4688
mp-1206435,-3.579592562899999,3.3837
mp-1205693,-3.656206646166667,0.8682999999999991
mp-6583,-2.063684899999999,0.0
mp-1205628,-3.0564830020000002,0.0
mp-6653,-3.479930908,2.854199999999999
mp-1205790,-3.763198976999999,3.4587
mp-6621,-2.8655752519999993,0.07160000000000001
mp-6231,-3.108728319000001,3.3776
mp-1205803,-3.600573126733332,3.393399999999999
mp-1206292,-3.677274413999998,0.8790000000000001
mp-1102914,-0.46191311625000103,0.0
mp-1205758,-2.8686539884999993,0.047900000000000005
mp-504674,-2.889526185750001,0.0
mp-21370,-2.8517456435,0.0
mp-1288978,-2.5011106080000003,0.9037000000000001
mp-18845,-2.6401709015,0.0
mp-570245,-0.6563462725000001,0.0
mp-1214720,-2.044584541999999,0.0
mp-1079839,-3.040581021999999,0.9083000000000001
mp-22531,-3.423956167000001,2.71
mp-1205929,-3.703111186,3.1597
mp-1207285,-3.008614165249999,0.0
mp-2646935,-2.8181416720000003,0.14670000000000002
mp-753668,-3.056831461,3.4839
mp-1205549,-3.543877060733334,3.307599999999999
mp-1205845,-3.6186131759999993,0.8429000000000001
mp-13922,-0.49216827499999705,0.0
mp-570803,-1.471335027574403,0.8477000000000001
mp-8195,-0.889334313500002,0.578599999999999
mp-8194,-0.8507398508571411,0.6808999999999991
mp-11902,-1.62330692705357,1.4121000000000001
mp-1018651,-1.013956369791667,2.2391
mp-697044,-0.517956494166666,1.9655
mp-643253,-0.658170076388889,1.7589000000000001
mp-697038,-0.6514673119444451,1.8699000000000001
mp-754363,-3.536360435714286,3.437
mp-9321,-2.208330561428571,0.8648
mp-8094,-0.38199362749999805,0.0
mp-866106,-0.590788698124998,0.0
mp-6205,-2.061363985,0.0
mp-1205837,-3.046044359499999,0.0
mp-12641,-3.4687507135,2.8516
mp-1205699,-3.751961184500001,3.4556
mp-13933,-3.050409025749999,0.0
mp-6609,-2.855974535499999,0.07600000000000001
mp-6687,-3.099882216499999,3.4155
mp-13000,-3.590339720233332,3.447999999999999
mp-1205585,-3.666247560499999,0.8731999999999991
mp-551835,-2.476811028,3.044099999999999
mp-20546,-2.422391895925927,0.919
mp-864638,-1.520311703796295,1.452899999999999
mp-1105202,-1.470125419820601,1.061
mp-555212,-2.561333907380952,1.8236999999999992
mp-558243,-2.64616423095238,1.914499999999999
mp-1228360,-2.225249320833332,1.110799999999999
mp-1106089,-2.570699569351852,1.414499999999999
mp-19956,-2.866102289523809,2.046699999999999
mp-1207040,-2.319753972666666,0.42240000000000005
mp-1206536,-2.535739393666667,0.523999999999999
mp-1189339,-1.430602192042823,0.768
mp-553874,-1.270610511309522,1.4647000000000001
mp-1078409,-2.788171481500001,1.827799999999999
mp-15889,-2.7118537085,0.0
mp-553281,-3.3879811675,3.0639
mp-1205623,-3.6514718885,3.3736
mp-1207161,-3.353361090374999,0.0
mp-12911,-2.780421626499999,0.24369999999999903
mp-551269,-3.0319059435,3.8961
mp-615682,-2.7770781808809533,0.0
mp-13055,-3.506661578233334,3.621299999999999
mp-573677,-0.9867448322333331,2.3970000000000002
mp-1207120,-2.235183333833333,0.0
mp-10584,-2.442012323333333,0.0
mp-10555,-0.963360580104167,1.7902
mp-6270,-2.741621015583333,1.8198
mp-1214633,-2.382827871,0.0
mp-1078394,-2.8643274956666662,1.4518
mp-22594,-2.816694966666667,0.0
mp-1205836,-3.081216235666667,0.0
mp-12644,-3.506273435666666,2.847899999999999
mp-1214813,-3.082907085916667,0.0
mp-6145,-2.8877280816666673,0.055600000000000004
mp-1078185,-3.1285257716666672,3.2383
mp-1079705,-3.626409085399999,3.408899999999999
mp-1206047,-3.69928473166667,2.0388
mp-9259,-3.127045616666666,4.532399999999999
mp-1813,-0.029599811842105004,0.0
mp-29564,-0.30904385166666404,0.0
mp-643370,-0.545818565833332,2.8864
mp-1205825,-2.8326574255,2.2647999999999993
mp-1206133,-2.5998744305,0.0
mp-22441,-2.836681418749999,0.0
mp-1183219,-0.236460654583336,0.0
mp-13811,-3.457244664499998,2.0335
mp-18986,-2.9532242795,3.223099999999999
mp-19213,-1.223353110123153,0.0
mp-1080029,-2.546645978394396,0.0
mp-20399,-2.6296567122931043,1.265399999999999
mp-20813,-2.637856969043105,0.0
mp-19085,-2.746980555793102,2.2267
mp-1892,-0.524869564999999,0.0
mp-1018099,-1.543993426250001,1.1077
mp-1228433,-0.453373910425287,0.0
mp-1102325,-2.36342373752351,1.245299999999999
mp-1091394,-2.207977574637931,2.2417
mp-1019519,-1.448841951594827,0.0
mp-22442,-2.386168429137932,0.0
mp-6798,-2.688152365387931,1.8688
mp-1214646,-3.076706050637931,0.0
mp-19796,-2.8760714015625,0.0
mp-1021504,-2.895553720499999,1.455
mp-20620,-2.959584960666666,3.3486000000000002
mp-1205833,-2.733223787000001,0.8889
mp-614981,-2.211208898958333,0.0
mp-704634,-2.561513236842106,0.0
mp-546321,-2.763932660750001,1.683
mp-1079169,-2.69351797275,0.0
mp-19389,-2.982738908749999,0.0
mp-6167,-3.374360572749999,2.987299999999999
mp-1205708,-3.643724666749999,3.4662
mp-1205885,-3.3420823546249983,0.0
mp-6200,-2.76169770475,0.1501
mp-6122,-3.01343531975,3.7321
mp-1205600,-3.493614462483332,3.4981
mp-1228402,-2.180424118141026,0.0
mp-1205576,-3.558935959749999,0.897999999999999
mp-1228421,-0.5100935314285721,0.0
mp-1095498,-0.44986049545454104,0.0
mp-552567,-2.44925213,2.3514
mp-19011,-2.277184675666666,0.0
mp-504723,-2.563658962499999,3.3409
mp-1105535,-0.8314607517499971,1.6528
mp-1188687,-0.755420047249999,1.766299999999999
mp-27869,-1.8174280386607151,1.2602
mp-21246,-0.54128154333333,0.028799999999999003
mp-20098,-2.3690398614285693,1.2232
mp-29794,-3.292978790000001,1.7554
mp-29352,-2.2819422708333352,0.0
mp-1214585,-2.198976620138889,0.0
mp-6779,-2.024219551444444,0.0
mp-1214573,-2.746031445166667,1.759999999999999
mp-6135,-2.67204645016668,0.0
mp-10344,-3.354416347166667,2.9791
mp-1206062,-3.620435965166667,3.4661
mp-9319,-2.559795649166667,0.0
mp-6183,-2.741390882166667,0.16360000000000002
mp-6692,-2.994456447166667,3.711999999999999
mp-1205686,-3.473158075900001,3.4861
mp-1205598,-2.969255502668103,0.0
mp-1205886,-3.5056016468749993,0.0
mp-1207268,-2.742584272874998,0.43799999999999906
mp-1207069,-2.863711808874998,0.6585000000000001
mp-755950,-3.507443436666667,2.851399999999999
mp-1228350,-2.879962554375,2.0282
mp-10302,-2.7803704155,0.0
mp-1206644,-3.4769086794999993,2.5719000000000003
mp-1228342,-3.588310730714287,3.5461
mp-1205674,-2.880641899500007,0.0
mp-1206567,-3.762429977499999,3.3981
mp-1206861,-3.052916138749994,0.0
mp-1205823,-3.5931783102333332,3.0173
mp-9905,-0.290134812500001,0.0
mp-29819,-0.47105561388888806,0.0
mp-14447,-1.724802340624997,2.278399999999999
mp-14448,-1.3028846888095251,1.1029
mp-1214577,-2.044231239666666,0.0
mp-1189376,-1.907945853802083,1.708
mp-1095110,-3.0179772245,0.9085000000000001
mp-1080470,-2.8243193915,0.07050000000000001
mp-1205602,-3.680276951499999,3.4592
mp-6037,-3.0407220915,3.605399999999999
mp-1214622,-3.518325293233334,3.3634
mp-1207130,-3.5953958395,0.8488999999999991
mp-1981,-0.607812785000002,0.0
mp-867912,-0.6317105993750011,0.0374
mp-3359,-2.725244696428571,2.442199999999999
mp-9115,-2.4566585610000002,0.0
mp-1523293,-2.495754386234375,2.3123
mp-13356,-2.730477315666667,3.129199999999999
mp-14552,-3.509292623,2.2855
mp-18764,-2.968149434,3.2504
mp-545544,-2.950626889733333,2.536299999999999
mp-1205671,-3.006213886233333,1.862299999999999
mp-1079630,-3.075058790399999,3.945899999999999
mp-1205650,-2.814804107066668,2.241
mp-552191,-2.826584474666666,1.7302
mp-12410,-2.770439125666666,0.0
mp-1205597,-3.026519996666666,0.0
mp-6254,-3.451506916666666,2.9923
mp-1206245,-3.731127443666666,3.464899999999999
mp-6265,-3.084002428666667,3.507199999999999
mp-1207064,-3.571236521399999,3.512799999999999
mp-1214561,-3.140708241666666,1.6795
mp-1078191,-2.438919834166666,1.783
mp-1189897,-1.9835559516666699,1.3091
mp-866292,-0.367555368333333,0.0
mp-1183313,-0.47277847645833404,0.0
mp-1228332,-2.281407364333334,0.0
mp-984724,-0.29199189083333404,0.0
mp-6710,-2.066025895333333,0.0
mp-1205595,-3.068558652,0.0
mp-12642,-3.4924325310000013,2.8502
mp-1206036,-3.77579143,3.4494
mp-13934,-3.07167965825,0.0
mp-12729,-2.876566269,0.0645
mp-1206029,-3.612670555733333,3.4065
mp-1079615,-3.106356700999999,1.8464
mp-1205611,-3.282478179999999,0.9356999999999991
mp-555358,-1.62023344475,0.0
mp-1078441,-1.506168162171873,0.0
mp-504699,-3.109767488999999,0.5156000000000001
mp-19852,-3.260499004793104,0.06130000000000001
mp-19093,-3.084455379999998,1.6246
mp-1190025,-1.781176822222215,0.0
mp-1205557,-3.5085369283333323,0.0
mp-1078725,-3.176747228999998,1.786299999999999
mp-1228885,-3.326447592352941,0.7418
mp-1214695,-3.036037740588236,0.6976000000000001
mp-6790,-2.050150574666667,0.0
mp-1104423,-1.240946243095236,1.365799999999999
mp-1228257,-2.132360368928571,0.0
mp-15888,-2.761594729999999,0.0
mp-1205669,-3.021668231999999,0.0
mp-7251,-3.444694518,2.8514
mp-1078303,-2.862705703999999,0.055099999999999004
mp-1205895,-3.728716805,3.491999999999999
mp-6430,-3.026363982249999,0.0
mp-6428,-2.831114415,0.0903
mp-6492,-3.075945864,3.5377
mp-12385,-3.5674410347333323,3.463899999999999
mp-654374,-2.21219812525641,0.0
mp-1205713,-3.642864564999999,0.8651999999999991
mp-545436,-2.7023540312500023,0.0
mp-1205934,-3.115867185750002,2.2435
mp-19751,-3.3757481147500012,0.0
mp-1205639,-3.671142661750002,0.0
mp-13935,-2.933922713000001,0.0
mp-12730,-2.782053713250002,0.0
mp-14294,-2.998014517750002,0.0
mp-7127,-3.509662673483333,0.0
mp-1205759,-3.618445308250002,2.1684
mp-1018178,-0.144461570000001,0.0
mp-1078636,-0.94581561,0.6404000000000001
mp-1079130,-0.740846427999996,0.082399999999999
mp-1206097,-2.540304109,2.385199999999999
mp-9307,-0.567185527999998,0.4771
mp-1205691,-2.295212536999999,0.0
mp-1079149,-0.95065891,0.2922
mp-1078410,-2.367489561666666,0.444399999999999
mp-548615,-2.6546294450000003,3.3679
mp-8335,-3.430814742857144,2.9787999999999992
mp-1228067,-3.1393160845,3.6894
mp-10669,-0.47830463714285704,0.0
mp-9578,-0.345244661428569,0.0
mp-7377,-0.519673631428572,0.0
mp-9783,-2.69028426346154,3.906
mp-1080464,-0.83204799111111,0.0
mp-571069,-0.846956712222224,0.0
mp-29092,-0.6857238157142851,0.0
mp-643047,-0.674898203235293,3.1535
mp-19913,-0.785818917433863,1.1092
mp-15753,-0.9237592312121201,0.0
mp-1095231,-0.770237662121219,0.0
mp-1095406,-0.9531032539393931,0.0
mp-30254,-0.519010026222219,0.0
mp-3857,-3.294371403021977,5.1422
mp-11692,-0.8022187861111091,0.8265
mp-1079622,-0.8493350677777781,0.0
mp-12612,-0.22483739799999902,0.0
mp-569218,-0.34317177062499804,0.0
mp-1104164,-0.6060228466666711,0.0
mp-9793,-2.533021692708333,1.523299999999999
mp-9712,-2.495422235476191,1.4667000000000001
mp-567666,-0.8488473629999981,0.6466000000000001
mp-1214569,-3.303183195000001,2.646
mp-1228141,-3.453017960644445,3.1979
mp-861914,-0.693865535,0.7976999999999991
mp-12905,-0.9083864385714261,0.0
mp-8306,-0.711653332857142,0.0
mp-1029573,-0.644586031785714,0.36189999999999906
mp-1188954,-0.549403898125,0.0
mp-17833,-1.439800085999998,0.15300000000000002
mp-754128,-3.6430178729166682,3.5653
mp-1228643,-2.520288537888889,1.8273000000000001
mp-20352,-2.501897394848485,0.598399999999999
mp-1106080,-0.722032720999999,0.6643
mp-1029626,-0.577124751428572,0.011199999999999
mp-1228133,-3.259615391888888,1.898299999999999
mp-542832,-3.648600351354167,3.1681
mp-6474,-3.266047576,2.647999999999999
mp-6325,-3.413043947644446,3.2733
mp-1228058,-3.33970034848889,2.8443
mp-9324,-0.811151963275859,0.0
mp-10736,-0.40036508875000204,0.0
mp-8868,-0.331969978275862,0.0
mp-1214502,-3.019409024333334,2.8138
mp-31514,-3.019709090999999,0.0
mp-542201,-3.259985623076924,4.499700000000001
mp-7249,-3.071309408333333,2.7287
mp-1029640,-0.639653886428574,0.0
mp-14289,-0.948490984081629,0.48389999999999905
mp-630923,-0.506141184999996,0.0
mp-29242,-1.492387526999997,0.0
mp-1205571,-2.996677969874999,0.3789
mp-38972,-2.686587441428575,0.0
mp-1245965,-0.7830578210714301,0.0
mp-1105268,-0.6853477005,0.626599999999999
mp-1029537,-0.6089025292857131,0.6312000000000001
mp-12814,-0.9256129459999981,0.455499999999999
mp-755363,-1.316792708000001,0.421699999999999
mp-18636,-0.625945496875001,0.0
mp-29243,-1.531505142000002,0.0
mp-1228234,-3.087167533499999,0.9889000000000001
mp-1228054,-2.6759663396666653,1.984999999999999
mp-554669,-3.166950008644446,3.4856
mp-1214485,-3.16411224397778,2.229399999999999
mp-1214475,-3.216124539311112,3.348799999999999
mp-1095255,-1.938250703309655,0.923
mp-14322,-3.625455054062501,3.2767
mp-2017426,-3.544652072734376,3.7874
mp-19365,-3.018909883076909,3.7465
mp-1228775,-2.865173970999999,3.151399999999999
mp-1102819,-3.224398532613636,0.0
mp-8261,-3.565495527734377,0.0
mp-755895,-3.519513482083334,2.6976
mp-2631,-0.22180564833333202,0.0
mp-8300,-1.577458191428567,0.669299999999999
mp-1214488,-1.046557892499999,0.0
mp-1228450,-2.151019652499999,0.0
mp-1228030,-1.518546462142857,0.2841
mp-30892,-0.911764586428576,0.0
mp-561553,-2.776246725689655,1.9704000000000002
mp-1106249,-2.627954138684211,1.536
mp-1228129,-2.679884023333332,2.3682
mp-1214461,-2.196125535666667,0.5661
mp-7971,-2.557289012666666,1.454399999999999
mp-15472,-2.48175173962963,0.5423
mp-1147558,-2.314841754749999,0.0
mp-9705,-1.123772806348522,2.0441
mp-559352,-2.182459268068965,0.2816
mp-6273,-2.539544967568964,1.5158
mp-1228581,-2.713646580934663,3.6266
mp-6841,-2.459740442854406,0.6334999999999991
mp-1228131,-3.103403415789473,2.7361
mp-1214660,-2.371594289374999,0.0
mp-28164,-1.507804984183673,1.0411
mp-1228183,-2.605503146578947,1.8907
mp-9774,-1.6512220507142832,0.6382000000000001
mp-1228084,-2.80926711264706,0.5834
mp-1228167,-2.994646916710525,1.8841
mp-1228188,-0.271769444041674,0.0
mp-6716,-2.5601894235,0.0
mp-568809,-0.330826060909091,0.0
mp-570677,-0.34695077681817904,0.0
mp-29621,-0.8955071224999981,0.0
mp-1104876,-1.464733043076923,0.0
mp-605650,-0.472555280681815,0.0
mp-568967,-0.49080328295454306,0.0
mp-1105231,-1.010274563730141,0.9422
mp-9909,-1.068958458125001,0.0
mp-10089,-1.137742783333328,0.264899999999999
mp-1104257,-0.9420463310000001,0.0
mp-1104571,-1.097209097333333,0.0
mp-570400,-0.23075273117647002,0.0
mp-567067,-0.5177075062499971,0.0
mp-865213,-1.149139399166667,0.5652
mp-34034,-1.200256503443875,1.308799999999999
mp-1104424,-1.274360343833332,0.636999999999999
mp-1105101,-0.28139159435897804,0.0
mp-1104568,-0.33215310699404704,0.0
mp-11840,-0.275995824583332,0.0
mp-1241,-0.28819284777777604,0.0
mp-7394,-1.017806503541665,0.5960999999999991
mp-569790,-0.9486019034635401,0.035
mp-555166,-1.010130186041665,0.3679
mp-569114,-0.96708619846354,0.065399999999999
mp-1814,-0.155002803055553,0.0
mp-7359,-0.7835291347222181,0.0
mp-1205318,-0.654724600555557,0.0
mp-996990,-1.7506179754166662,0.0
mp-9899,-0.72254780876984,0.1217
mp-1086652,-2.250060911041666,1.4324
mp-1205316,-0.8450495705555541,0.0415
mp-1079647,-2.263063682252604,1.269299999999999
mp-16742,-2.183376328333333,1.510999999999999
mp-9844,-3.252279562777777,4.6477
mp-12885,-2.768880493749999,3.4109
mp-1903,-0.24118154000000003,0.0
mp-16483,-0.316697639999999,0.0
mp-558491,-3.5424739598958332,6.0642
mp-13272,-0.47589118833332805,0.0
mp-1078453,-1.814644572499999,0.0
mp-1207108,-0.5559276915625,0.7492999999999991
mp-13149,-0.364180733333332,0.0
mp-1227994,-1.8045234571875,4.015899999999999
mp-571093,-0.45983012531250006,0.709299999999999
mp-31243,-0.7792174177777801,0.41449999999999904
mp-9767,-0.819017123750001,0.0
mp-9769,-0.8445243012499991,0.0
mp-15325,-0.619441594374999,0.0
mp-1077361,-0.927193380833335,0.0
mp-9744,-0.9268007058333291,0.0
mp-8458,-0.9916395283333331,0.0
mp-570775,-0.722707377499999,0.0
mp-30363,-0.740450749999997,0.0
mp-30364,-0.44300406166667206,0.0
mp-558430,-3.542616619848482,8.0511
mp-954,-0.409972365,0.0
mp-1103527,-3.430444624166667,5.9817
mp-1227988,-3.129981198406593,5.1229
mp-754604,-3.324733488080356,6.051500000000001
mp-550751,-3.3246150149999982,4.6114
mp-1206552,-2.326006932000001,3.069099999999999
mp-552806,-2.409013681000001,3.177399999999999
mp-551243,-2.184123108,2.947
mp-1228172,-1.8133421075,2.219299999999999
mp-559051,-2.233427010999999,0.0
mp-27456,-2.5807169366666702,4.3731
mp-1012551,-2.7891997933333332,4.6793
mp-23070,-3.422976659999997,4.8824000000000005
mp-1214417,-0.081763334285715,0.0
mp-1029375,-0.9736777762500001,2.8508
mp-5504,-2.682779261000001,4.397399999999999
mp-561446,-2.634351782857142,3.0678
mp-16252,-0.5828065666666661,0.18129999999999902
mp-1102214,-0.5910742266666641,0.21520000000000003
mp-16253,-0.393707309166668,0.17670000000000002
mp-11265,-0.676116901666669,0.24370000000000003
mp-527,-0.309211824999999,0.0
mp-11266,-0.30959315333333304,0.0
mp-1078435,-0.492565979999999,0.0
mp-1095151,-1.948395214375,0.9586000000000001
mp-30426,-0.510969750000001,0.0
mp-11816,-0.45231877666666703,0.0
mp-7899,-2.136694586874999,0.9746999999999991
mp-1228125,-0.43958682666666005,0.0
mp-1078693,-1.946298582499999,0.289699999999999
mp-1227971,-0.515772764999995,0.0
mp-10502,-2.025183939492336,0.0
mp-569380,-1.7938816400000022,0.0
mp-4887,-1.227158454999999,0.6481
mp-3187,-3.589836753000001,2.2207
mp-568662,-2.96823858,5.4291
mp-23432,-3.6019593516666673,5.4317
mp-19086,-2.074947819166665,0.39670000000000005
mp-18965,-2.047858012,0.0
mp-559246,-3.31118269,0.0
mp-1029770,-0.9847818781250001,0.0102
mp-30428,-0.07352185500000001,0.0
mp-9639,-1.73323289196875,0.3659
mp-12364,-0.9756099205468741,0.452999999999999
mp-27424,-0.8240477865624981,0.030799999999999002
mp-9898,-0.745497724166662,0.0
mp-29199,-0.46787788888888804,0.0
mp-997034,-1.99196457625,0.0
mp-16254,-0.7276669115476241,0.0
mp-1147715,-1.387985878749991,0.0
mp-11700,-0.757941335000002,0.0
mp-9195,-2.238203543085938,1.4265
mp-5792,-0.451466058749998,0.0
mp-9503,-1.450041400277777,0.5186000000000001
mp-1207068,-2.480258880740739,0.0
mp-12803,-4.418706838181815,7.215
mp-14969,-1.958185137916666,1.157499999999999
mp-1029,-4.162401843333335,6.6029
mp-1080821,-3.19318655375,0.7896000000000001
mp-1219,-0.46331017166666505,0.0
mp-1227983,-1.225585044499999,2.7662999999999993
mp-1227993,-1.330769891999999,3.0907
mp-335,-0.45104950200000005,0.0
mp-10509,-3.1632819270833332,4.9696
mp-1008511,-0.21939949437500103,0.0
mp-1102026,-0.543794131666666,0.0
mp-1018095,-0.5332795509375,0.0661
mp-1540000,-0.36373034125000003,3.1292
mp-1227940,-0.428509079166668,0.0
mp-1008506,-0.43715596968749904,0.4792
mp-1018094,-0.5414035909375,0.0524
mp-505438,-3.015181963888906,0.027500000000000004
mp-1518724,-5.153567591,0.0
mp-1102297,-1.958406533749999,1.0862
mp-20157,-1.8230161028385412,0.8826
mp-1095273,-1.469994218333331,0.503099999999999
mp-1730,-0.5962258124999991,0.0
mp-1095485,-2.799973547857142,4.1615
mp-1069708,-0.524893118999997,0.0
mp-1068447,-0.570319616999999,0.0
mp-22346,-0.632367121,0.0
mp-1070247,-0.562918800999997,0.0
mp-1227958,-0.511960961000002,0.0
mp-14006,-3.401715624375,5.6043
mp-13863,-2.696001211500001,3.5519
mp-22151,-0.9001778516666641,0.0
mp-23715,-0.6047468716666671,2.8697
mp-23904,-1.776260473125,4.2591
mp-642844,-1.692264442125,4.7616
mp-642834,-1.742991589624999,4.9758000000000004
mp-24424,-1.66233117208333,3.2113
mp-643036,-2.3018639871875,4.2077
mp-23861,-1.8344749187499971,3.4827
mp-24565,-2.4067877540625,4.8576
mp-23862,-1.399409345416668,2.811099999999999
mp-643384,-2.129415744687499,3.936199999999999
mp-1105495,-3.409701174833333,4.7103
mp-545548,-3.350602843273808,4.9273
mp-1214420,-4.210183255625,7.123200000000001
mp-10322,-1.52112418875,1.2537
mp-998552,-3.786714650999999,3.5394
mp-1105549,-2.139777798999998,1.252399999999999
mp-2197,-0.530035256250001,0.0
mp-11267,-0.501785035000004,0.0
mp-864618,-0.430415881250005,0.0
mp-867770,-0.43417235062500703,0.0
mp-3915,-1.9609385931250012,2.2727
mp-1228081,-0.498360987500001,0.0
mp-28007,-1.404814385624999,1.1569
mp-23260,-2.050704712499999,3.4525
mp-1214491,-2.346634888333334,3.542299999999999
mp-22951,-3.146598396666661,4.0263
mp-31509,-0.41639085083333305,0.0
mp-22141,-0.47692720111110903,0.0
mp-22780,-0.36466235958333204,0.0
mp-1025520,-0.566229482083331,0.0
mp-21032,-0.6262856920833311,0.0
mp-11078,-0.45787030583333205,0.0
mp-22687,-0.346905143333333,0.0
mp-1095357,-0.243749004166666,0.0
mp-1228148,-2.949014915666667,1.3409
mp-13545,-2.771339213750001,0.0
mp-6770,-2.124826997270114,0.0
mp-8809,-3.030775586666667,2.4067
mp-16452,-2.150266564722222,1.4565000000000001
mp-1227841,-0.48957221178571203,0.0
mp-30111,-1.8700117208333331,0.0
mp-1078225,-0.561279521249999,0.0
mp-569396,-0.42101846523809505,0.0
mp-570771,-0.27943568380952405,0.0
mp-27454,-0.257458162916666,0.0
mp-10616,-0.9396946902777781,0.5928
mp-13140,-0.531027867083333,0.0
mp-23818,-0.6094920114166651,2.2146
mp-13277,-0.9094072093253971,0.9631000000000001
mp-10485,-1.008913952777778,0.6946999999999991
mp-1183308,-0.0402513825,0.0
mp-1935,-0.05186177416666601,0.0
mp-643264,-0.48299047833333303,1.447099999999999
mp-1078462,-0.38511283312499905,0.0
mp-1079433,-0.23736935625000002,0.0
mp-754515,-0.524012354999999,0.0
mp-1227881,-0.33987546900000004,0.0
mp-9934,-0.35283726000000004,0.0
mp-1029775,-0.846937353857759,0.0
mp-18840,-2.489944874252874,0.8952999999999991
mp-8347,-1.585543703232757,0.0
mp-1542939,-2.813069997440477,1.704199999999999
mp-19322,-2.5167960949999992,0.0
mp-19276,-2.654552259166666,3.7927
mp-1001,-0.7517035683333341,0.0
mp-861906,-2.95782266478888,5.0412
mp-6660,-2.851670440090996,3.6487
mp-31235,-0.755547202681991,0.23550000000000001
mp-1182061,-0.628337474319922,3.223099999999999
mp-867147,-0.39486731409482906,0.0
mp-9732,-0.7632014775629471,0.8555
mp-1227883,-3.004402576574595,4.6009
mp-2032699,-2.986411684166667,3.016
mp-28150,-3.216098964999999,2.6146000000000003
mp-1188841,-2.867384822812499,2.1233
mp-505517,-2.728184333636361,0.0
mp-761128,-2.7973198200000002,0.0
mp-505078,-2.579162836764705,0.0
mp-3020,-3.178754561000029,0.0
mp-19118,-3.027558883333338,1.405899999999999
mp-16456,-2.035298276159003,0.0
mp-18763,-3.010076863333333,1.9985
mp-8514,-2.973795253888888,2.219099999999999
mp-556525,-2.974262720555556,2.5077
mp-10350,-2.8401014112962963,0.0
mp-546665,-2.756928560929119,0.0
mp-18909,-2.537440351483517,0.0
mp-555321,-3.38353836916667,4.6572
mp-613910,-2.64310074375,0.4727
mp-1147557,-1.526703367222232,0.0
mp-19138,-1.8200224730000012,1.469199999999999
mp-11879,-0.47532961299999804,0.0
mp-8558,-3.376933662750002,0.0
mp-1342,-2.8236427075,2.0906
mp-1105,-2.170192663333334,2.2352
mp-1105095,-0.8030356214285691,0.5585999999999991
mp-7808,-0.66459478973214,0.5735
mp-985439,-0.875082199880953,0.0
mp-9078,-0.9155305807142861,0.0
mp-1227860,-0.949516123214285,0.29559999999999903
mp-21236,-1.079450174047616,0.0
mp-11006,-1.474063243928571,3.1164
mp-11008,-1.294053817834819,2.1651
mp-8557,-3.563953094999999,0.0
mp-20136,-0.5882220674999971,0.0
mp-21446,-0.372574795,0.0
mp-1214389,-1.8443848993749992,2.0029
mp-19799,-3.030567061249998,2.8927
mp-22230,-2.108850153,0.199299999999999
mp-1064367,-0.549201019999999,0.0
mp-1106270,-1.160546170555555,1.905799999999999
mp-1205352,-1.701237552968749,1.6510999999999991
mp-1687,-0.5777905816666651,0.0
mp-2606,-0.33909857666666304,0.0
mp-12623,-2.851794986666661,1.4527
mp-4009,-1.471095382499999,0.3649
mp-16124,-2.038351962640485,0.0
mp-18802,-2.98089192425926,2.167399999999999
mp-9759,-2.947633575370384,2.138899999999999
mp-1214381,-1.45635821111111,0.5658000000000001
mp-549776,-2.744526661392081,0.0
mp-31498,-0.7489619924999991,0.0
mp-747,-0.726165013333333,0.0
mp-811,-0.473208788333333,0.0
mp-505025,-3.34406189474999,0.0
mp-989637,-0.6977909885000171,1.7855
mp-568430,-0.090883238333335,0.0
mp-7660,-2.7875180299999993,0.0
mp-3597,-2.1901550725,0.0
mp-1500,-2.329565223749999,2.1488
mp-684,-1.7528733849999991,1.598199999999999
mp-239,-1.4342925506249982,1.391299999999999
mp-624668,-0.850043534444442,0.0
mp-861962,-2.993863724666665,4.393800000000001
mp-9768,-0.9061885287499991,0.0
mp-568895,-0.925474241666669,0.0
mp-545500,-2.501479447,2.8810000000000002
mp-8606,-0.940368766666667,0.0
mp-1103664,-1.8721116820833321,0.8353
mp-1253,-2.283761781171875,1.948799999999999
mp-7547,-1.7082743515625,0.6166
mp-7548,-1.391277738007811,0.926
mp-6989,-2.318079119468748,3.886599999999999
mp-2499,-0.385979767499999,0.0
mp-1070137,-0.43619774400000305,0.0
mp-557414,-1.5562191359375,4.2279
mp-1227729,-0.579091880000001,0.0
mp-5588,-3.839245049999999,7.4159
mp-3777,-1.306235193125001,2.9202
mp-1102609,-0.7051340941666641,0.0
mp-1101912,-0.9251635274999981,0.0
mp-19248,-3.076737321666666,1.4676
mp-8515,-3.009463532222222,2.032
mp-1214324,-2.452790783333333,0.0
mp-872,-0.7026438649999991,0.0
mp-1102308,-2.8299908278571433,3.703499999999999
mp-567510,-0.5843012333333311,0.0
mp-696946,-1.906150635833333,2.102
mp-7759,-0.44317191250000004,0.0
mp-1068048,-0.502566114999997,0.0
mp-11269,-0.6468947850000021,0.0
mp-30433,-0.681184819000002,0.0
mp-1103397,-3.378080711666666,3.6599
mp-8290,-3.396749804374999,4.9883
mp-11819,-0.574680997500001,0.0
mp-555954,-1.141194678928571,1.8593000000000002
mp-3163,-2.587468271999999,0.372399999999999
mp-12181,-1.543447148749999,1.638
mp-1019558,-3.376693823214286,4.759
mp-1227831,-2.0267502425,0.0437
mp-1227650,-0.003694495999999,0.0
mp-1214332,-0.738515049499997,0.0
mp-1522133,-3.007535548250001,3.6367000000000003
mp-1519366,-2.988876333166666,3.6275
mp-1183386,-0.41321573666667305,0.0
mp-4001,-1.7826291849666651,0.0
mp-1000,-2.003574658333334,1.593
mp-2150,-1.474518219444442,0.12530000000000002
mp-8234,-1.201598257499998,0.8198000000000001
mp-5431,-2.357057434333336,2.7149
mp-27499,-1.189533620333334,1.9088
mp-1206598,-1.362820061249998,0.435799999999999
mp-1189614,-3.7750959409999982,4.047
mp-1214314,-2.527016124861111,2.4211
mp-1214296,-3.190398111051586,2.592399999999999
mp-1018735,-1.6946891927777772,0.0
mp-1070806,-1.550733975277777,0.0
mp-8291,-3.974811880416666,4.3236
mp-5777,-3.492277977666666,2.2929999999999993
mp-1079893,-1.770214763072915,0.0
mp-30434,-0.385091675555566,0.0
mp-1091391,-0.23627580666667303,0.0
mp-865984,-0.398012974583339,0.0
mp-7693,-4.428986136363634,7.2347
mp-1105536,-1.220893614791665,0.0
mp-574430,-1.490003352499997,0.19989999999999902
mp-35730,-3.486460204999997,0.0
mp-3601,-2.022008931999984,0.0
mp-18723,-2.271684773846154,0.016199999999999
mp-1205427,-2.017501866250001,2.5875999999999992
mp-3451,-1.669534512499999,0.0
mp-989622,-0.8219546254999991,1.505
mp-19048,-2.729128477500001,4.8822
mp-768240,-4.375317280909102,7.1307
mp-6647,-1.773074978116318,1.3282
mp-10337,-1.4644986619444431,0.7675000000000001
mp-1103275,-1.950495586249999,1.1779
mp-1101801,-1.809767559505208,0.9653
mp-10336,-1.4514473525,0.5313999999999991
mp-752675,-4.33565048357143,7.2652
mp-1206981,-4.452467351363636,0.0
mp-18752,-3.116472022083337,0.0
mp-1214224,-1.421831624166666,0.7876000000000001
mp-30435,-0.19734314333333203,0.0
mp-303,-0.221107078333332,0.0
mp-1079320,-1.988987680624999,0.24709999999999901
mp-11166,-2.709447530625,4.7744
mp-3881,-3.392223955833333,4.5489
mp-11818,-0.49056409499999704,0.0
mp-1227349,-0.34481708599999705,0.0
mp-4236,-2.3654240366666652,2.2724
mp-548469,-2.078282849375,2.2367
mp-31147,-0.35156586833333303,0.0
mp-31148,-0.525703331666667,0.0
mp-1214231,-2.619087496249999,3.5173
mp-559348,-3.334656806833334,4.1173
mp-556139,-3.287506394107157,4.158799999999999
mp-3104,-1.423864360000001,0.9972000000000001
mp-1019544,-3.639240691,3.1163
mp-540771,-2.107697715499998,0.9900000000000001
mp-998427,-1.920462955906249,0.37259999999999904
mp-87,0.0,0.0
mp-770957,-1.790018201428597,0.0
mp-1475,-0.12780441923076802,0.0
mp-568912,-0.148409677692308,0.0
mp-571438,-0.10248673076923001,0.0
mp-568827,-0.10411236923076801,0.0
mp-30441,-0.197799639210526,0.0
mp-1227442,-2.330070615265152,5.6261
mp-554023,-3.178649017738095,6.3476
mp-1569,-0.23053140166666702,1.163699999999999
mp-867274,-0.45885382749999903,0.0
mp-867271,-0.412348772499999,0.0
mp-867270,-0.5855304224999981,0.0
mp-30438,-0.22044840916666703,0.0
mp-2031,-0.1403742,0.0
mp-867273,-0.39975566500000004,0.0
mp-865869,-0.459643522500002,0.0
mp-865308,-0.422358172499999,0.0
mp-2225,-0.27759050166666505,0.0
mp-865003,-0.601694587499999,0.0
mp-867280,-0.7096500949999981,0.0
mp-1183419,-0.38714356250000004,0.0
mp-1677,-0.31991649249999904,0.0
mp-11272,-0.134875928000002,0.0
mp-865229,-0.5821398599999981,0.0
mp-866224,-0.642503884999998,0.0
mp-864895,-0.591903532499999,0.0
mp-864961,-0.6840280950000001,0.0
mp-866115,-0.650607097499999,0.0
mp-862600,-0.7654158374999991,0.0
mp-11275,-0.37955290416666604,0.0
mp-866024,-0.414462902499998,0.0
mp-1103315,-0.332087546666664,0.0
mp-867307,-0.257657087499998,0.0
mp-865021,-0.518279809999999,0.0
mp-11281,-0.21818012416666502,0.0
mp-11282,-0.303591991666665,0.0
mp-1183423,-0.285188863749999,0.0
mp-983590,-0.20898726124999903,0.0
mp-862714,-0.461441378749999,0.0
mp-11273,-0.23579205124999802,0.0
mp-865168,-0.28368570124999903,0.0
mp-864894,-0.442138165,0.0
mp-865562,-0.334430163749999,0.0
mp-977552,-0.2665730625,0.0
mp-1227359,-0.11968357916666601,0.0
mp-1227272,-0.236783661666664,0.0
mp-1227279,-0.291239673333333,0.0
mp-27757,-0.016717138833333003,0.0
mp-27608,-2.572461434305555,1.280699999999999
mp-1220,-0.08535215583333401,0.0
mp-650,-0.31534194249999903,0.0
mp-1072399,-0.461596844166666,0.09529999999999901
mp-4262,-0.052399171388889006,0.0
mp-865966,-0.7749259637500001,0.0
mp-862287,-0.8688942487500011,0.0
mp-30365,-0.136192663750001,0.0
mp-12761,-0.135768288333335,0.0
mp-30139,-1.399311373333333,5.180400000000001
mp-1189451,-0.5648687118750011,5.5087
mp-2773,-0.29332581750000003,0.0
mp-862706,-0.29541524750000003,0.0
mp-865901,-0.5671847212500001,0.0
mp-1183416,-0.10977993875000001,0.0
mp-867837,-0.142905241249999,0.0
mp-862669,-0.379209641249999,0.0
mp-867840,-0.32620436874999903,0.0
mp-867116,-0.493593135624998,0.0
mp-862291,-0.671457313124999,0.0
mp-1009088,-0.16887196750000003,0.6522999999999991
mp-1019550,-0.8018419456250001,3.3941
mp-1013527,-0.26762326107142803,0.9023000000000001
mp-862713,-0.279699512499998,0.0
mp-768203,-0.16487134361111,5.326
mp-867828,-0.27588973375000003,0.0
mp-1033,-0.468281252499999,0.0
mp-2542,-3.102855802499999,7.463900000000001
mp-11274,-0.5927108225000001,0.0
mp-13452,-0.5061120183333321,0.0
mp-13453,-0.381979747499999,0.0
mp-11276,-0.607815922499999,0.0
mp-862622,-0.20696927374999902,0.0
mp-422,-1.307732301249999,3.1453
mp-5046,-2.302504960416666,6.9502
mp-1541,-1.029387863671874,2.663699999999999
mp-1009087,-0.20533040624999901,1.0226
mp-865904,-0.663109713750001,0.0
mp-7913,-1.400415780625,5.1459
mp-865792,-0.508235893749999,0.0
mp-867107,-0.29568593874999904,0.0
mp-1009085,-0.37259544357142804,1.1502
mp-867767,-0.812091816249999,0.0
mp-867835,-0.5546445212500011,0.0
mp-1009084,-0.16972815874999903,0.6936999999999991
mp-252,-0.570361940833332,2.017299999999999
mp-866288,-0.280405191249999,0.0
mp-867304,-0.23227479624999903,0.0
mp-867275,-0.24832689374999703,0.0
mp-867874,-0.35139449374999904,0.0
mp-23152,0.0,0.0
mp-1104660,-1.148015225,0.0
mp-1101783,-0.077140283333335,0.0
mp-23262,-1.641727215000003,2.194499999999999
mp-675543,-0.502461465178571,0.4549
mp-1227497,-1.157419119999999,0.0
mp-23012,-0.388550415803572,0.0
mp-1103697,-0.37629585187499903,0.0
mp-30464,-0.250986444999999,0.0
mp-1227322,-0.304879254999995,0.0
mp-23217,-0.2228227425,0.0
mp-977592,-0.519016867142856,0.0
mp-1078366,-1.000889814000002,0.9401
mp-22856,-0.414615469187504,1.361799999999999
mp-27891,-1.338651716499998,0.8266
mp-541837,-0.43407693543750203,0.3769
mp-552098,-1.351369364468753,0.36869999999999903
mp-27910,-0.33192813256250103,0.436799999999999
mp-29666,-0.346632669812504,0.544199999999999
mp-34202,-0.274401004000003,0.3388
mp-849872,-1.2661092213333331,0.0
mp-27251,-1.616918000740741,1.259299999999999
mp-866311,-1.630138166874999,0.9257999999999991
mp-2756056,-1.3684751753125,0.6355000000000001
mp-541772,-0.46931114928571505,0.5357000000000001
mp-541771,-0.32209606642856503,0.165
mp-561068,-1.771183774166667,2.8719
mp-31250,-2.290466749833336,3.0096
mp-2913080,-1.172513377500001,2.8826
mp-23072,-1.555466066666671,2.2251
mp-22908,-1.044261659374999,3.3934
mp-22939,-1.695745048333333,2.5681000000000003
mp-23237,-2.621525922500002,4.6808
mp-27743,-1.871315934166666,1.8137999999999992
mp-22849,-0.7663869175000011,2.5349
mp-22987,-1.334933545,1.472999999999999
mp-1102836,-0.41905545583333303,0.6889999999999991
mp-1103228,-0.33974397302083503,0.5346000000000001
mp-557993,-1.459764126666667,1.1596
mp-2767589,-2.230428690833333,3.7632
mp-556878,-2.225278606205357,3.3519
mp-1227444,-1.588329075,1.510199999999998
mp-23084,-1.679936678,2.073699999999999
mp-1227389,-1.4530009430000002,1.7164000000000001
mp-1008488,-0.299458342500003,0.0
mp-30463,-0.233392613749998,0.0
mp-1095370,-0.40854343885416705,0.0
mp-1066078,-0.294186384999996,0.0
mp-1103607,-0.40129416802083,0.0
mp-1064554,-0.19327081000000101,0.0
mp-1103098,-0.561277465833333,0.34039999999999904
mp-1101765,-0.48071976885416706,0.23799999999999902
mp-23324,-0.8865928066666711,2.032
mp-23318,-0.7342089301041691,1.9636
mp-1227290,-0.0069253724999990005,0.1101
mp-23018,-1.8414490133333272,2.4246
mp-610491,-0.734089398854166,1.8404
mp-33723,-0.8220315505555551,1.2364
mp-28944,-0.655658539166665,1.5135
mp-22965,-0.637094973888891,1.2325
mp-1227372,-0.307808057500011,0.46079999999999904
mp-29011,-0.35464625333333705,0.0
mp-29638,-0.38061501083332805,0.0
mp-1227426,-0.425780460000003,0.162
mp-1525121,0.0,1.687399999999999
mp-23154,0.0,1.3261999999999992
mp-1066781,-0.35956457500000005,1.783
mp-1524139,-0.019922322500001,1.7759
mp-23297,-1.2406468612500001,2.211
mp-27987,-1.326850845833333,3.4507
mp-29526,-0.5361104965000001,2.208
mp-36262,-0.639116652499999,2.897999999999999
mp-3347313,0.0,1.376199999999999
mp-1167,-1.904165606,9.0653
mp-20066,-1.768723351666668,6.6332
mp-45,0.0,0.0
mp-1047036,-1.34347086119048,0.9283000000000001
mp-10877,-0.29084872230769204,0.0
mp-1104462,-0.34855676076923003,0.0
mp-9690,-0.40727522600000005,0.0
mp-3862,-0.48071680000000006,0.0
mp-36988,-1.4032251023214282,2.8458
mp-7704,-0.35477174999999905,0.0
mp-30175,-0.28946907599999905,0.0
mp-16044,-0.71111373909091,0.0
mp-4555,-2.227475808333333,3.3115
mp-5610,-0.737910503,0.0
mp-28153,-1.586015681333335,1.5298999999999991
mp-2898,-1.466215879285709,1.6618
mp-1227448,-0.45419479363636106,0.0
mp-10289,-0.42951374900000105,0.475099999999999
mp-14445,-0.7787672710000011,0.0
mp-8431,-0.600185274666687,0.0
mp-1018630,-0.6064358749999991,0.6613999999999991
mp-11918,-1.248534829000001,2.0774
mp-1017548,-0.7282680198571421,0.7359
mp-7067,-0.569298998999997,0.216399999999999
mp-1078064,-0.43805657857142305,0.0
mp-9570,-0.5474108918571421,0.8195999999999991
mp-7430,-0.517741565999997,0.10200000000000001
mp-569298,-0.614443232999998,0.0
mp-4259,-0.41355985,0.0
mp-1385949,-1.5507002415384612,0.0
mp-3210,-0.843527303857136,0.0
mp-1070152,-0.552075956,0.0
mp-28006,-0.40476749357142905,0.0
mp-22295,-0.500592162278912,0.0
mp-4441,-0.411326418,0.0
mp-1047437,-1.7102426450000001,0.6713
mp-5486,-0.42470240199999904,0.0
mp-568974,-0.317747624,0.0
mp-1068300,-0.530344038999994,0.0
mp-5597,-0.8430152878571361,0.0
mp-13464,-0.288369337647057,0.0
mp-1070099,-0.6272899199999991,0.681
mp-1078849,-0.796646166190475,0.1778
mp-16259,-0.754838245999997,0.0
mp-16260,-0.7147530319999981,0.0
mp-1091390,-0.773471207999998,0.0
mp-2015893,-0.847230349,0.0
mp-16261,-0.868845092,0.0
mp-19791,-0.563112430000001,0.0
mp-23879,-2.164703914499993,4.1119
mp-1079772,-0.759321721190477,0.40850000000000003
mp-9564,-1.129124516999999,1.2605
mp-29208,-0.516634074000004,0.38860000000000006
mp-9565,-0.77549995,0.7931
mp-19824,-0.33838627717240904,0.0
mp-1104194,-1.012704434833333,0.0
mp-21312,-0.35391835026315605,0.0
mp-510484,-0.345874144999998,0.0
mp-4744,-0.661425000999999,0.0
mp-2949,-0.546682147999999,0.0
mp-4064,-0.8504969958571411,0.0
mp-11168,-1.017184773190479,0.494299999999999
mp-6926,-0.847426071857156,0.0
mp-8580,-0.9590294938571211,0.0
mp-5157,-1.011215721190475,0.0
mp-1214123,-0.250718454705881,0.0
mp-9125,-2.370946821111111,2.6942999999999993
mp-7364,-0.513944779999997,0.0
mp-5292,-0.6166805160000031,0.0
mp-567769,-0.815204341999998,0.0
mp-1069956,-1.039918009999999,0.0
mp-1386933,-1.79054689102564,0.0
mp-9571,-0.6555636290000011,0.38730000000000003
mp-1029258,-0.5222702640000001,0.6376000000000001
mp-9569,-0.6998979558571421,0.875
mp-7429,-0.523427615999999,0.0
mp-1227788,-0.2875282175,0.0
mp-1227416,-0.45036340500000105,0.0
mp-16770,-0.22075397611111003,0.0
mp-864991,-0.46661966791666404,0.0
mp-1068053,-0.604550230999998,0.0
mp-867751,-0.532931791666665,0.0
mp-1227376,-1.012561421071425,0.0
mp-1078304,-0.7852274809999981,0.0
mp-1078362,-1.092063576999999,0.0
mp-1227383,-0.188522674736838,0.0
mp-6929,-2.509705237272775,3.3366
mp-28554,-1.500340893124999,1.5566
mp-29175,-0.9235060309374991,0.0
mp-542455,-0.450860993249999,0.0
mp-569535,-0.907907213333336,0.0
mp-557070,-2.54039071275,3.2393
mp-23009,-1.635277027499999,2.4254000000000002
mp-1095180,-0.9200470659999991,0.8529999999999991
mp-977453,-0.41226820416666604,0.0
mp-1078908,-0.8925133748571411,1.2927
mp-865167,-0.49253916749999804,0.0
mp-1068286,-0.6548108999999991,0.0
mp-1069824,-0.8143099299999961,0.0
mp-569267,-0.854672659499999,0.318999999999999
mp-861940,-0.551291871249999,0.0
mp-1408395,-1.846933615384614,0.0
mp-1029532,-0.8337875895000011,0.0
mp-19161,-2.6169339309999993,1.2029
mp-1367307,-2.401740640499999,0.0
mp-12614,-0.080960578333333,0.0
mp-545481,-2.260203145714285,0.0
mp-28660,-0.5332504461446881,0.0
mp-1375998,-2.0191868105,0.0
mp-558663,-1.9210221466666662,0.5422
mp-1227643,-0.305492280833333,0.0
mp-1205964,-0.6509286475,1.500299999999999
mp-1275487,-2.672509629,3.0012
mp-1227351,-0.422191242499999,0.0
mp-1227436,-0.502011446999998,0.0
mp-30472,-0.292262311999999,0.0
mp-1078280,-0.795755202,0.0
mp-1078428,-0.9711134194999971,0.0
mp-1227300,-0.5961856937500011,0.0
mp-1009755,-0.7149471366666661,0.5756
mp-1078326,-0.7921471879999991,0.0
mp-1071127,-0.7914306374999991,0.0
mp-1078483,-0.9490920340000001,0.0
mp-1207196,-0.7095563258333341,2.7001
mp-1079896,-0.7098598275000001,2.4473000000000003
mp-24119,-0.9456374556250001,1.6356000000000002
mp-1103139,-0.44323106666666906,0.0
mp-866105,-0.5960727531249981,0.0
mp-28553,-1.358238939999999,2.348499999999999
mp-510086,-0.770033779166666,0.0
mp-20792,-0.7601758499999981,0.0
mp-21885,-0.988502850000003,0.0
mp-1227404,-2.106184376999999,0.0
mp-1227469,-3.0998927565,3.7082
mp-867350,-0.29738252541666604,0.0
mp-1068035,-0.6699748829999991,0.0
mp-1068002,-0.880901074999995,0.0
mp-1227487,-2.86709453425,0.0
mp-861645,-0.27888994458333405,0.0
mp-19324,-2.9928794245,3.6923
mp-18893,-2.416973564137931,1.501399999999999
mp-1227575,-2.394197838793103,0.0
mp-19108,-2.777544282293102,2.1817
mp-2686,-0.8977212895833341,0.0
mp-22936,-1.796587630312501,2.371
mp-1227481,-2.829084382249999,0.499299999999999
mp-1227405,-3.5639388009833333,4.256600000000001
mp-1104825,-0.5030077828571421,0.0
mp-1105997,-0.148624289444443,0.0
mp-1047142,-2.094400157,0.0
mp-22020,-2.258249558499999,0.0
mp-19114,-2.6081808730000002,2.933
mp-23040,-1.503881859910714,1.6997
mp-30478,-0.5509389933333301,0.0
mp-20723,-0.701022883999998,0.0
mp-21137,-2.551106224285708,1.4813
mp-8710,-1.8014381423076862,1.1236
mp-1227265,-0.9270526550000001,0.0
mp-9925,-0.9454077566666661,0.0
mp-571215,-0.821918418333332,0.0
mp-1214125,-3.508125961499999,3.1457
mp-1105395,-2.915159888999999,0.0
mp-1227341,-1.0399285853021971,0.0
mp-1189528,-3.1275018395,3.6317999999999993
mp-1214081,-3.628419579233333,3.733799999999999
mp-1009733,-0.534257671666667,0.320999999999999
mp-29570,-0.513929418333333,0.0
mp-1214093,-0.8835800640000001,0.0
mp-30312,-0.7394271079999991,0.0
mp-22735,-0.647288542499997,0.055900000000000005
mp-866229,-0.659526856875,0.14850000000000002
mp-1029915,-0.804732184,0.024199999999999004
mp-4747,-2.88604820642857,2.7198
mp-1366540,-3.083761082733332,1.4283000000000001
mp-1373426,-3.254614706733334,0.43149999999999905
mp-1397126,-3.5559112699999993,2.7744
mp-867849,-0.39802235833333305,0.0
mp-1183453,-0.5669576818750031,0.0
mp-1183531,-0.5482594699999971,0.0
mp-861604,-0.495178358333334,0.0
mp-1284741,-2.8625693223076922,1.496299999999999
mp-554381,-2.747112326500001,3.097899999999999
mp-571306,-0.76274758299107,0.27780000000000005
mp-1227661,-0.37083846625000005,0.0
mp-1227660,-0.48322643875000004,0.0
mp-8818,-0.848958886000002,0.7618
mp-1205338,-1.143821291666667,1.1101
mp-10670,-0.603305947142858,0.0
mp-1205337,-1.176275938544974,1.248199999999999
mp-569257,-0.620125604999975,0.0
mp-571162,-0.945776336666666,1.9148
mp-11285,-0.487152415454545,0.0
mp-1189986,-1.028657002989417,0.9434000000000001
mp-1095240,-0.7618062318181841,0.0
mp-650513,-1.031447416111111,0.0
mp-11176,-0.8772608254545441,0.0
mp-11430,-0.337991456666666,0.0
mp-10876,-0.35616364499999903,0.0
mp-27294,-2.014183470357142,1.6726
mp-28069,-2.252943995714286,1.8439
mp-4192,-1.292340810249999,0.894
mp-30366,-0.5012645812500011,0.0
mp-12699,-0.8282316014285731,0.0
mp-30315,-1.2842448612500021,0.5682
mp-31149,-1.204245116750002,0.3687
mp-28160,-1.211400115625,1.2768
mp-18167,-0.27349162049999803,0.0
mp-755287,-2.831232277499999,2.52
mp-8670,-1.095505850178572,0.0
mp-1029659,-0.9272981735714271,0.0
mp-30473,-0.584581634375,0.0
mp-1029943,-0.9752302687500001,0.8826
mp-1214019,-0.5043915249999991,0.0
mp-11822,-0.8614104477499991,0.0
mp-17193,-1.7076779870000012,0.14019999999999902
mp-11288,-0.505499445000001,0.0
mp-14763,-1.025200335418719,0.0
mp-1029719,-0.979993285,0.0
mp-8308,-0.33624928486111,0.0
mp-29342,-2.253346153639455,1.8419
mp-11824,-1.205423485345237,0.8055999999999991
mp-20273,-1.689312636999997,0.0
mp-1104661,-0.6149498026666661,0.0
mp-984698,-0.9107599013333351,0.0
mp-9457,-2.923372625249997,0.0
mp-1247259,-0.7603484701785721,0.0
mp-1013548,-1.202770444999998,0.40750000000000003
mp-1013550,-1.02137064092857,0.6583
mp-1205330,-1.598687663999999,0.056599999999999005
mp-984605,-0.6884731820833331,0.11179999999999901
mp-29241,-1.76736699,0.0
mp-5279,-2.812126670666663,3.2598000000000003
mp-984744,-0.27051823749999904,0.0
mp-1189230,-0.40583095500000604,0.0
mp-1247754,-1.530380917499997,1.333299999999999
mp-14252,-3.619776442499985,2.260099999999999
mp-9029,-1.267555982321429,0.7644999999999991
mp-781505,-3.081071199499997,3.706
mp-1227620,-3.592974754666666,0.0
mp-569617,-0.7891818062337651,0.042899999999999
mp-697126,-0.674557199210526,0.0
mp-8789,-1.8096056999999992,1.213499999999999
mp-551873,-1.6022213792857172,0.8131
mp-1227574,-0.6343471850000001,0.0
mp-1214050,-3.39381251486111,4.4289
mp-6943,-3.377505096527777,3.3154
mp-1227613,-0.7213274754166681,0.0
mp-1029730,-1.37980596111111,1.2158
mp-20419,-0.68832968690476,0.0
mp-6076,-3.379169608472222,4.3032
mp-1214008,-3.365327721944445,4.3686
mp-28742,-0.18111105458333301,0.0
mp-5380,-1.770557722040813,1.2714
mp-13660,-1.781754134999996,0.907899999999999
mp-6388,-3.375311077916666,4.3982
mp-568469,-1.309544041481481,1.5392000000000001
mp-1214020,-3.383046821527776,4.4498
mp-1029660,-1.340286513333334,1.2411
mp-1105294,-0.7889428041176441,0.0
mp-31172,-0.254754581874998,0.0
mp-10047,-1.302326325312499,0.0
mp-30367,-0.572746819285717,0.0
mp-30368,-0.7121120562499991,0.0
mp-571264,-0.800555118333335,0.0
mp-6632,-3.37935388541667,4.236800000000001
mp-1105558,-0.17985594437499902,0.0
mp-643912,-0.651250553472221,0.0
mp-1105373,-1.240475141964285,0.6829000000000001
mp-28879,-1.057331754908424,1.1418
mp-1104669,-0.477749015714284,0.0
mp-1103570,-0.7358550721428561,0.0
mp-793,-0.554245293125001,0.0
mp-1106280,-0.677722715138887,0.0
mp-2786,-0.200851730624999,0.0
mp-1227088,-0.6080875510714301,0.0
mp-1104786,-1.082650831416665,0.0
mp-579544,-0.547186898333333,0.0
mp-989590,-1.314570633,0.132299999999999
mp-989584,-1.306336873999998,0.0
mp-30961,-0.7544589864583331,0.0
mp-1183474,-0.852907361874997,0.0
mp-865173,-0.612949323125008,0.0
mp-985450,-0.562932201875,0.0
mp-1183488,-0.076156435624999,0.0
mp-1183483,-0.453061799374999,0.0
mp-1183500,-0.506917204375,0.0
mp-864962,-0.272621318124999,0.0
mp-538,-0.306086769999998,0.0
mp-13270,-0.281140916666667,0.0
mp-5615,-0.8982986191666661,0.020699999999999
mp-1213950,-2.046540524166666,1.3007
mp-568664,-0.6397542166666641,0.0
mp-997004,-1.902973244166665,0.0
mp-12277,-0.8588143732142851,0.007
mp-1205978,-0.39159442388888704,0.0
mp-11214,-0.757239733055554,0.0
mp-1206764,-0.52204260222222,0.0
mp-2044367,-0.564815498333331,0.0
mp-2404,-0.355376705,0.0
mp-1226791,-0.550265749999997,0.0
mp-1749,-0.220582133999999,0.0
mp-11350,-0.381182389166666,0.0
mp-568424,-0.758781767500001,0.0
mp-571039,-0.753648914166667,0.0
mp-1102631,-1.040275554999998,0.0
mp-567191,-0.445902588333333,0.0
mp-888,-1.274510102916667,0.0
mp-1213993,-2.618063421,4.821400000000001
mp-1900,-0.6725508368750001,0.0
mp-3927,-0.9990167908333321,0.0
mp-28340,-1.151342647499998,0.0
mp-12723,-0.8549962350000011,0.0
mp-443,-0.774710868333334,0.0
mp-568920,-0.452440076666666,0.0
mp-28705,-0.6132523613888891,0.0
mp-1213975,-0.4606473535,0.0
mp-865,-0.47496618928571505,0.0
mp-1206909,-0.5539117944999981,0.0
mp-1077466,-0.603138178333338,0.0
mp-568398,-0.8070770083333371,0.0
mp-553025,-2.432455363,3.6238
mp-1227238,-2.168917279,1.553
mp-755893,-2.264222731499998,0.665299999999999
mp-1213983,-0.8073560041666681,0.0
mp-22888,-2.402401639999999,4.5304
mp-1575,-0.13803003333333302,2.0383
mp-4124,-1.040555056874998,3.5774
mp-3953,-2.687544458,4.999499999999999
mp-1073,-0.33554150999999904,0.0
mp-1227329,-2.221535567000001,3.336299999999999
mp-1444,-0.305773326666664,0.0
mp-1105752,-0.48716739062499803,0.0
mp-760403,-1.848988828749998,0.1892
mp-569628,-0.608601469166665,0.0
mp-866010,-0.5571728124999971,0.0
mp-16258,-0.48149429611111105,0.0
mp-866104,-0.35914281875000303,0.0
mp-753287,-2.344317947499998,0.37549999999999906
mp-623089,-0.37421893,0.0
mp-1103172,-0.5882633474999991,0.0
mp-1103046,-0.707127392499996,0.0
mp-568695,-0.487043260555554,0.0
mp-866040,-0.577729531249999,0.0
mp-1183677,-0.5731214125,0.0
mp-1227227,-1.460997576875,0.38919999999999905
mp-1227255,-3.028649919166666,1.5741
mp-571642,-2.647301069166667,5.5987
mp-27546,-3.4642298591666663,5.6701999999999995
mp-1398496,-2.73487642125,1.3308
mp-1932798,-2.719313165333323,1.4544000000000001
mp-1388114,-3.535186316666667,0.0
mp-556748,-3.561919715000005,3.2323
mp-557519,-3.29080727,1.5339
mp-19215,-2.43201730833334,2.3714
mp-1404968,-2.261940485454545,1.2139
mp-1147653,-1.56071767125,0.0
mp-1882,-0.11010331000000001,0.0
mp-4120,-0.9415454925000001,0.0
mp-12266,-3.043225753333333,0.7392000000000001
mp-8432,-0.9806242109920641,0.0
mp-5910,-0.731821528333333,0.0
mp-570879,-0.44361545222222104,0.0
mp-866228,-0.602105964999999,0.0
mp-866216,-0.616526022916663,0.0
mp-1183609,-0.5407482587500071,0.0
mp-1183574,-0.25548029875,0.0
mp-2741,-4.22225448,7.1157
mp-549711,-2.374016877,0.6341
mp-19115,-2.2285190305,0.0
mp-6914,-0.5294938375,0.0
mp-11284,-0.595009248333333,0.0
mp-1080561,-0.505523482499999,0.0
mp-1101789,-0.370609520416666,0.0
mp-11431,-0.48185687208333206,0.0
mp-1227072,-0.6547267465000011,0.0
mp-1976,-0.42335285200000006,0.0
mp-11811,-0.7741387808333351,0.0
mp-541310,-0.6135812216666661,0.0
mp-1018093,-0.46962978343750006,0.4359
mp-7263,-0.868637857916667,0.0
mp-31152,-0.9194034225000011,0.0
mp-1227042,-0.5264824650000001,0.0
mp-867315,-0.572022508750002,0.0
mp-2360,-0.7516937049999991,0.0
mp-567456,-0.555440400000001,0.0
mp-1105802,-0.7341439337500001,0.0
mp-7801,-0.8207689481250011,2.662199999999999
mp-31153,-0.9069371558333301,0.0
mp-23713,-0.6668815449999991,3.0275
mp-1104135,-2.875533860357142,7.6467
mp-1207169,-0.5692839752499991,0.0
mp-24422,-1.572255617083334,4.1152
mp-23859,-1.7564586887499951,3.8394
mp-642725,-2.4544680165624992,5.3294999999999995
mp-24204,-1.299942560416665,3.5271
mp-34932,-0.8929288191666671,2.192999999999999
mp-1029359,-1.875544676875002,0.543299999999999
mp-754853,-3.820938063,4.4855
mp-1213969,-3.810031318833334,5.5318000000000005
mp-11286,-0.5927816487500011,0.0
mp-11287,-0.5177227816666671,0.0
mp-863648,-0.42269959687499803,0.0
mp-7041,-2.093016145625001,2.125
mp-1041214,-2.550745396499999,0.0
mp-1041241,-2.773120962499998,1.3182
mp-1183554,-0.594504837500004,0.0
mp-1041222,-3.121268677499999,1.1093
mp-30031,-1.89441126,3.8971
mp-21187,-0.5830892187499981,0.0
mp-21068,-0.589382456666667,0.0
mp-22602,-0.639449738749998,0.0
mp-1080611,-0.35881638458333104,0.0
mp-22766,-2.392656165476187,2.020799999999999
mp-22717,-0.7076915612499981,0.0
mp-21027,-0.8198423087500011,0.0
mp-20838,-0.467623379166667,0.0
mp-21220,-0.515970893333332,0.0
mp-20378,-0.7679717808333301,0.0
mp-28534,-1.824617550333334,3.136
mp-620571,-0.7648142274999971,0.0
mp-570689,-0.9439857433333331,0.0
mp-20220,-0.612339487499999,0.0
mp-570436,-0.534670940000002,0.0
mp-4243,-2.101949517000002,0.0
mp-862795,-0.30696450874999903,0.0
mp-1183579,-0.8259485562500021,0.0
mp-866000,-0.36111094125000004,0.0
mp-1043874,-2.352552896,0.0
mp-1639336,-2.718929198,2.254699999999999
mp-862846,-0.6360104200000051,0.0
mp-861643,-0.09486094875000001,0.0
mp-684801,-3.535297843233333,4.185700000000001
mp-1043970,-3.217203053733333,1.897199999999999
mp-862962,-0.315703181249999,0.0
mp-6459,-2.5687827805,5.0091
mp-6766,-3.343864678,4.9716000000000005
mp-1183430,-0.11749836666666601,0.0
mp-5795,-0.9967938875000001,1.9968999999999992
mp-7035,-2.885291694687499,3.9326
mp-1183548,-0.23406664874999902,0.0
mp-15641,-0.6504774483333331,0.0
mp-867144,-0.40955122000000205,0.0
mp-861738,-0.423588522499996,0.0
mp-1102662,-0.6106093758333321,0.0
mp-5473,-0.40260349583333205,0.0
mp-4864,-0.542887714999998,0.0
mp-867266,-0.266686155416668,0.0
mp-1043484,-2.447887774293105,1.7943
mp-557426,-3.410114536133009,2.5589
mp-1387972,-3.198458827241378,3.2129
mp-1401355,-3.242683640000001,2.5031
mp-989635,-0.792266584000009,0.872599999999999
mp-607467,-2.619377736499999,1.105
mp-19330,-2.639627267500002,3.5006999999999993
mp-1009657,-0.639265689166666,0.0
mp-1183555,-0.301223394374996,0.0
mp-867224,-0.34509426937499904,0.0
mp-865955,-0.619156613124999,0.0
mp-866220,-0.30792768687500005,0.0
mp-2295,-0.18914730833333201,0.0
mp-8307,-0.30364731319443905,0.0
mp-1079500,-0.965432657291666,0.0
mp-1389691,-2.894890377857142,0.0
mp-1323553,-2.578357005,2.1462
mp-1077470,-0.548330649999998,0.0
mp-13512,-0.539102191249998,0.0
mp-1207078,-0.5611345147500001,0.0
mp-28645,-0.794289061666665,0.0
mp-2605,-3.306019392499999,3.6301
mp-634859,-2.206560153333333,2.7345
mp-1345,-1.2564584531547611,0.34430000000000005
mp-9122,-0.7309107334821421,0.004900000000000001
mp-10677,-1.006515299325395,0.0
mp-28339,-1.28124761265873,0.0
mp-9789,-1.236962133282737,3.0848
mp-11007,-1.051984898032739,2.1335
mp-20034,-0.520882229999998,0.0
mp-20549,-0.290333107499997,0.0
mp-20463,-3.030607506249999,3.455899999999999
mp-833,-0.7146243599999991,0.0
mp-3315,-1.514350873749998,0.0
mp-11826,-0.366331009999998,0.0
mp-7922,-2.493979944999999,2.1062
mp-672254,-0.622544973333335,0.0
mp-1183552,-0.30359460937500005,0.0
mp-862882,-0.8781849018749951,0.0
mp-862881,-0.342690436874997,0.0
mp-862883,-0.621058623125001,0.0
mp-1183567,-0.08034153187499901,0.0
mp-862884,-0.754423509374998,0.0
mp-862886,-1.106369869375001,0.0
mp-862888,-0.30823673437499904,0.0
mp-1044742,-2.731335463166666,1.2495
mp-866060,-0.306290548749997,0.0
mp-867257,-0.35011003291666404,0.0
mp-867217,-0.6143249616666681,0.0
mp-40630,-2.741404495752873,0.0
mp-1044426,-3.585082267833333,0.0
mp-866015,-0.303852802916666,0.0
mp-842,-1.026136726666664,0.0
mp-30481,-0.600580696666668,0.0
mp-8255,-2.5396984625,2.643
mp-1103307,-0.6863531766666641,0.0
mp-989606,-0.7351132354999901,1.8813
mp-571262,-0.43747289666666705,0.0
mp-9928,-2.6397501387499993,0.0
mp-1078659,-2.093056296999999,0.0
mp-20947,-2.226688614499999,0.0
mp-1672,-2.436088926406249,2.3819
